prompt_id,source_sample_id,source_audio_sha256,source_manifest_sha256,language_pair,language,accent,text,text_tagged,cmi,switch_points,source_group
tts-afriswitch-hausa-000972-_4ksyQsw28M_chunk_426576-433760_45,afriswitch-hausa-000972-_4ksyQsw28M_chunk_426576-433760_45,0cfcea35318f9cf58669e5ff9364cb234a0e56b3a2d2891ec6a3da5c11096e08,3d139832dcead055489cb6c668747db56c06090983d3a95ad644d65ff012b3c2,Hausa-English,ha,hausa,"Tor shi kanshi waken, 99% ai,suga ne a cikin, protein ne amma da suga, ka ga ne,tor a wannan.","Tor shi kanshi [[EN]]waken,[[/EN]] 99% ai,suga ne a cikin, [[EN]]protein[[/EN]] ne amma da suga, ka ga [[EN]]ne,tor[[/EN]] a wannan.",16.670000076293945,6,_4ksyQsw28M
tts-afriswitch-hausa-001359-yAESHeKkRk0_chunk_176368-186384_19,afriswitch-hausa-001359-yAESHeKkRk0_chunk_176368-186384_19,bf81577c5be937781ff410c3a243c84966fbdc91908799d7d07e63291eee33ae,3d139832dcead055489cb6c668747db56c06090983d3a95ad644d65ff012b3c2,Hausa-English,ha,hausa,"Wai su yan hip hop dinnan kullum sai sababbin abubuwa ne? Ai kasan hip hop, asalin hip hop, ai hio hop wato","Wai su yan [[EN]]hip hop[[/EN]] dinnan kullum sai sababbin abubuwa ne? Ai kasan [[EN]]hip hop,[[/EN]] asalin [[EN]]hip hop,[[/EN]] ai hio [[EN]]hop[[/EN]] wato",31.81999969482422,8,yAESHeKkRk0_chunk
tts-afriswitch-hausa-000528-K_WmAI6HUrU_chunk_162052-168448_11,afriswitch-hausa-000528-K_WmAI6HUrU_chunk_162052-168448_11,3e0365edb7be773f76c5b23e33d5b666c5166226b0de8873f6bab7b5e6241338,3d139832dcead055489cb6c668747db56c06090983d3a95ad644d65ff012b3c2,Hausa-English,ha,hausa,A gaskiya tun a farko burina in karanta Mass communication in zama Journalist.,A gaskiya tun a farko burina in karanta [[EN]]Mass communication in[[/EN]] zama [[EN]]Journalist.[[/EN]],30.770000457763672,3,K_WmAI6HUrU
tts-afriswitch-hausa-001219-_fY-glHqvA0_chunk_1149072-1160128_119,afriswitch-hausa-001219-_fY-glHqvA0_chunk_1149072-1160128_119,73ba1a5ff1ab64afb4b44afb5bd180d6659eb4b173107749243645714923d8f8,3d139832dcead055489cb6c668747db56c06090983d3a95ad644d65ff012b3c2,Hausa-English,ha,hausa,Sai dai laifin da ake zargin kwamandan general Army da aikatawa shine sace mutane fararen hula ya kuma tambayi kudade masu yawa a matsayin na fansa,Sai dai laifin da ake zargin kwamandan [[EN]]general Army[[/EN]] da aikatawa shine sace mutane fararen hula ya kuma tambayi kudade masu yawa a matsayin na fansa,7.690000057220459,2,_fY
tts-afriswitch-hausa-001101-ejU8-lYEVXY_chunk_350672-357788_31,afriswitch-hausa-001101-ejU8-lYEVXY_chunk_350672-357788_31,c6e61f360e43e029750db2873600f0e59b8f2902694a8d697f3845241fcafce9,3d139832dcead055489cb6c668747db56c06090983d3a95ad644d65ff012b3c2,Hausa-English,ha,hausa,"Wato idan baka so kinan ba ka bukatar ma ka saka? Um baka bukatar ma kasaka a ciki, in baka cin garlic","Wato idan baka so kinan ba ka bukatar ma ka saka? Um baka bukatar ma kasaka a ciki, [[EN]]in[[/EN]] baka cin [[EN]]garlic[[/EN]]",9.09000015258789,3,ejU8_lYEVXY
tts-afriswitch-hausa-000753-m6ZHtC254gM_chunk_430688-434400_43,afriswitch-hausa-000753-m6ZHtC254gM_chunk_430688-434400_43,8a2c8978bb3d7e140bd190acf9114401bb2a8ff2226bbe16c53768f4977c71a8,3d139832dcead055489cb6c668747db56c06090983d3a95ad644d65ff012b3c2,Hausa-English,ha,hausa,Da kuma tsowon mataimakin sa da suka raba garri to ma it depends,Da kuma tsowon mataimakin sa da suka raba garri [[EN]]to[[/EN]] ma [[EN]]it depends[[/EN]],23.079999923706055,3,m6ZHtC254gM_chunk
tts-afriswitch-hausa-001385-H_OvKs9f458_chunk_311296-313056_34,afriswitch-hausa-001385-H_OvKs9f458_chunk_311296-313056_34,08049546c737539c0e592421e8351eb54189bbcb04d47ff48981df1b24e972d7,3d139832dcead055489cb6c668747db56c06090983d3a95ad644d65ff012b3c2,Hausa-English,ha,hausa,To abin da ake so shine,To abin da ake so [[EN]]shine[[/EN]],16.670000076293945,1,H_OvKs9f458
tts-afriswitch-hausa-000312-4e77f54a51514381908d219fce2bc308,afriswitch-hausa-000312-4e77f54a51514381908d219fce2bc308,3b9a2bcce96da49a550f30f8b8cf16eaf57638dac51ef7dd71ae6571437d8831,3d139832dcead055489cb6c668747db56c06090983d3a95ad644d65ff012b3c2,Hausa-English,ha,hausa,So nasan cewa da kika fara wannan harkar ta MC a bukukuwa da event dole kinje kin taradda wasu suna yi to akwai wani ko wata da suka taimaka Miki wajen shiga harkar wato dumu duma gaskiya na danyi contacting few MC's dai lokacin Dana fara inason in shiga industry din sosai Basu bani attention da nake bukata lokacin,[[EN]]So[[/EN]] nasan cewa da kika fara wannan harkar ta [[EN]]MC[[/EN]] a bukukuwa da [[EN]]event[[/EN]] dole kinje kin taradda wasu suna yi to akwai wani ko wata da suka taimaka Miki wajen shiga harkar wato dumu duma gaskiya na danyi [[EN]]contacting few MC's[[/EN]] dai lokacin Dana fara inason in shiga [[EN]]industry[[/EN]] din sosai Basu bani [[EN]]attention[[/EN]] da nake bukata lokacin,13.5600004196167,11,4e77f54a51514381908d219fce2bc308
tts-afriswitch-hausa-001278-ExMMbnjpzmM_chunk_377216-393456_42,afriswitch-hausa-001278-ExMMbnjpzmM_chunk_377216-393456_42,22d4c6fc1f17a1aefd46210ad1b433914955ab20f206d6fec377b26a2cdc6ab4,3d139832dcead055489cb6c668747db56c06090983d3a95ad644d65ff012b3c2,Hausa-English,ha,hausa,Abu kowane abin da zaka yi a rayuwanka sai kayi daidai kuma da sauran Allah parcivarans is one dem patient is one of them,Abu kowane abin da zaka yi a rayuwanka sai kayi daidai kuma da sauran Allah [[EN]]parcivarans is one dem patient is one of them[[/EN]],37.5,1,ExMMbnjpzmM_chunk
tts-afriswitch-hausa-000282-648c9cc41ccf4f48b5a398cdf388459c,afriswitch-hausa-000282-648c9cc41ccf4f48b5a398cdf388459c,05124165195a9895846c600843e89e71c99121f1cae89bc8dc705db7596a6923,3d139832dcead055489cb6c668747db56c06090983d3a95ad644d65ff012b3c2,Hausa-English,ha,hausa,"Kuma they're very limited like basu da yawa karancinmu mu saboda haka inaso in bada like karfin gwuiwa ta wannan bangaren kuma wannan institution din initiatives din da muka fara yanzu anyi shortlisting dinshi out of 5500 globally ma UNSDG Awards da zai faru a Rome, so zamu tafi Rome 29 ga watan October kuma zan bude taron shima. Insha Allahu irin abubukayen da nakeso in ci","Kuma [[EN]]they're very limited like[[/EN]] basu da yawa karancinmu mu saboda haka inaso in bada [[EN]]like[[/EN]] karfin gwuiwa ta wannan bangaren kuma wannan [[EN]]institution[[/EN]] din [[EN]]initiatives[[/EN]] din da muka fara yanzu anyi [[EN]]shortlisting[[/EN]] dinshi [[EN]]out of[[/EN]] 5500 [[EN]]globally[[/EN]] ma [[EN]]UNSDG Awards[[/EN]] da zai faru a [[EN]]Rome,[[/EN]] so zamu tafi [[EN]]Rome[[/EN]] 29 ga watan [[EN]]October[[/EN]] kuma zan bude taron shima. Insha Allahu irin abubukayen da nakeso in ci",24.6200008392334,20,648c9cc41ccf4f48b5a398cdf388459c
tts-afriswitch-hausa-000974-2x39Sx_u1mM_chunk_87552-97792_11,afriswitch-hausa-000974-2x39Sx_u1mM_chunk_87552-97792_11,1f59194af51ab86736d1430dc9a0bfc5e93dc390d0c2eacd5f941f3598e10d57,3d139832dcead055489cb6c668747db56c06090983d3a95ad644d65ff012b3c2,Hausa-English,ha,hausa,"Recharge. To abinda zakayi gashi nan ga wallet address da zakayi copy, TRC20, TRC20 zakayi copying se ka shiga am","[[EN]]Recharge. To[[/EN]] abinda zakayi gashi nan ga [[EN]]wallet address[[/EN]] da zakayi [[EN]]copy, TRC20, TRC20[[/EN]] zakayi [[EN]]copying[[/EN]] se ka shiga [[EN]]am[[/EN]]",45.0,8,2x39Sx_u1mM
tts-afriswitch-hausa-001245-831_eYeytmA_chunk_376068-389884_27,afriswitch-hausa-001245-831_eYeytmA_chunk_376068-389884_27,f0bd21c802f07dc2d9198f463c6967c1a26b80df4cec2e4f3d9264a681c99c13,3d139832dcead055489cb6c668747db56c06090983d3a95ad644d65ff012b3c2,Hausa-English,ha,hausa,"Wetin be shinge? To bara in gaya maka, shinge ko katanga yana nufin barrier. So Love has no barrier. Uhum Love has no barrier","Wetin be shinge? [[EN]]To[[/EN]] bara in gaya maka, shinge ko katanga yana nufin [[EN]]barrier. So Love has no barrier.[[/EN]] Uhum [[EN]]Love has no barrier[[/EN]]",45.83000183105469,5,831_eYeytmA
tts-afriswitch-hausa-001053-YI5ZY_n82Ao_chunk_346864-352496_31,afriswitch-hausa-001053-YI5ZY_n82Ao_chunk_346864-352496_31,8f7a1b5045fe9fa26be0779683b35754c3a52bc088506fbb0638b956be61ccf8,3d139832dcead055489cb6c668747db56c06090983d3a95ad644d65ff012b3c2,Hausa-English,ha,hausa,A'a kusan abubuwan da kafin ma mu fara ayyukan nan sai da muka yi research.,A'a kusan abubuwan da kafin ma mu fara ayyukan nan sai da muka yi [[EN]]research.[[/EN]],6.670000076293945,1,YI5ZY_n82Ao
tts-afriswitch-hausa-001145-odhogXZUoiM_chunk_512912-518720_49,afriswitch-hausa-001145-odhogXZUoiM_chunk_512912-518720_49,b97dec9b86a23807726009722bd5371c21a2297618e9e0522b89465db5d5e4a3,3d139832dcead055489cb6c668747db56c06090983d3a95ad644d65ff012b3c2,Hausa-English,ha,hausa,A matsina babu inda aka ce in yi maka ror proce dina wasa kawai ake son shi shi yawo,[[EN]]A[[/EN]] matsina babu inda aka ce in yi maka ror [[EN]]proce[[/EN]] dina wasa kawai ake son shi shi yawo,10.529999732971191,3,odhogXZUoiM_chunk
tts-afriswitch-hausa-001249-M-nq8iRuf04_chunk_1385840-1398880_141,afriswitch-hausa-001249-M-nq8iRuf04_chunk_1385840-1398880_141,a439473a90566ddd1502279d7463799394b806064e9d78a0685ef8c1dfbf39dd,3d139832dcead055489cb6c668747db56c06090983d3a95ad644d65ff012b3c2,Hausa-English,ha,hausa,Sarauta uku sarkin Mayu sarkin Bakawa kuma sarkin magani inda ta zo gaban karshe bida fa nake Niger state daga jihar Bida Niger state masu kallo,Sarauta uku sarkin Mayu sarkin Bakawa kuma sarkin magani inda ta zo gaban karshe bida fa nake [[EN]]Niger state[[/EN]] daga jihar Bida [[EN]]Niger state[[/EN]] masu kallo,15.380000114440918,4,M_nq8iRuf04
tts-afriswitch-hausa-000316-kXCY5Ad3MZo_chunk_147428-164960_22,afriswitch-hausa-000316-kXCY5Ad3MZo_chunk_147428-164960_22,83647ebd208542ad807fd98e2462fda883dd3da7d83119766b2e9a2a1d912d9d,3d139832dcead055489cb6c668747db56c06090983d3a95ad644d65ff012b3c2,Hausa-English,ha,hausa,"Despite that am not regretting,am not regretting saboda na san yana cikin kaddarata ne kuma na tabbata Allah ba zai taba jirabceni da abin da ba zan iya ba","[[EN]]Despite that am not regretting,am not regretting[[/EN]] saboda na san yana cikin kaddarata ne kuma na tabbata Allah ba zai taba jirabceni da abin da ba zan iya ba",24.139999389648438,1,kXCY5Ad3MZo_chunk
tts-afriswitch-hausa-001143-f7zfDd33Sz0_chunk_806448-816000_68,afriswitch-hausa-001143-f7zfDd33Sz0_chunk_806448-816000_68,ff7065019eae9bf6b3316923971f4e0001c5de17998bad3adedd2c5521a5cb17,3d139832dcead055489cb6c668747db56c06090983d3a95ad644d65ff012b3c2,Hausa-English,ha,hausa,Unbeaten har ta ci kofi sama da Arsenal kuma ina me tabbatar maka yanzu har a gama gasar premiere babu kungiyar da zata fara wasan gasar premiere a tashi,[[EN]]Unbeaten[[/EN]] har ta ci kofi sama da [[EN]]Arsenal[[/EN]] kuma ina me tabbatar maka yanzu har a gama gasar [[EN]]premiere[[/EN]] babu kungiyar da zata fara wasan gasar [[EN]]premiere[[/EN]] a tashi,13.789999961853027,7,f7zfDd33Sz0_chunk
tts-afriswitch-hausa-001283-a0b4UMQGaPI_chunk_1995856-2002080_222,afriswitch-hausa-001283-a0b4UMQGaPI_chunk_1995856-2002080_222,3ceebab54eb96c78161aa07b4e29aee6d4071aa12cb7d9b1ef064ba6ec685f1c,3d139832dcead055489cb6c668747db56c06090983d3a95ad644d65ff012b3c2,Hausa-English,ha,hausa,Kuma wannan council meeting -Federal council,Kuma wannan [[EN]]council meeting -Federal council[[/EN]],33.33000183105469,1,a0b4UMQGaPI_chunk
tts-afriswitch-hausa-000453-7aaa962b352d4cc58613596ad0382832,afriswitch-hausa-000453-7aaa962b352d4cc58613596ad0382832,d417af2385761b182caf3ee6114bb71910ced94c9d8fc0540f4a2eea510821a8,3d139832dcead055489cb6c668747db56c06090983d3a95ad644d65ff012b3c2,Hausa-English,ha,hausa,Wanda suka iya Magana dai a class din saboda ayi ayi a karanta novels din da wuri da wuri da wuri da wuri irin Ina cikin Wanda ake kira a class ace oya so far so to lokacin da na samu aiki in 2019 da na gama NDE na kafin COVID naje bikin wata friend dita sai MC ko MC yai disappointing ban sani ba sai nace aa ba kawai ayi Magana ba abeg,Wanda suka iya Magana dai a [[EN]]class[[/EN]] din saboda ayi ayi a karanta [[EN]]novels[[/EN]] din da wuri da wuri da wuri da wuri irin Ina cikin Wanda ake kira a [[EN]]class[[/EN]] ace oya [[EN]]so far so to[[/EN]] lokacin da na samu aiki in 2019 da na gama [[EN]]NDE[[/EN]] na kafin [[EN]]COVID[[/EN]] naje bikin wata [[EN]]friend[[/EN]] dita sai [[EN]]MC[[/EN]] ko [[EN]]MC[[/EN]] yai [[EN]]disappointing[[/EN]] ban sani ba sai nace aa ba kawai ayi Magana ba abeg,17.809999465942383,20,7aaa962b352d4cc58613596ad0382832
tts-afriswitch-hausa-001210-hX7qZ1MSZJo_chunk_467744-475056_51,afriswitch-hausa-001210-hX7qZ1MSZJo_chunk_467744-475056_51,7e397967370813f4b570a74830edb73d19cb663c58ffdc062c3d0ab0f839a63c,3d139832dcead055489cb6c668747db56c06090983d3a95ad644d65ff012b3c2,Hausa-English,ha,hausa,So in essence abinda nake fadi shine ko a America democracy dinsu sanda suka samu irin wa'yannan gallops in,[[EN]]So in essence[[/EN]] abinda nake fadi [[EN]]shine[[/EN]] ko [[EN]]a America democracy[[/EN]] dinsu sanda suka samu irin wa'yannan [[EN]]gallops in[[/EN]],47.369998931884766,6,hX7qZ1MSZJo_chunk
tts-afriswitch-hausa-000439-Qoq528jcY74_chunk_368688-379008_41,afriswitch-hausa-000439-Qoq528jcY74_chunk_368688-379008_41,bf6e45e002dd1fb190c748015b09ee7644b7d3f3b09eb0221baf055ecf9116f1,3d139832dcead055489cb6c668747db56c06090983d3a95ad644d65ff012b3c2,Hausa-English,ha,hausa,Tare suka taso da su masu shiryawan na industry ina ga za a iya cewa danjuma ne da dan Jummai. Gaskiya ba danjuma ne da dan Jummai ba to domin mutumin da ya zuba kudin shi,Tare suka taso da su masu shiryawan na [[EN]]industry[[/EN]] ina ga za a iya cewa danjuma ne da dan Jummai. Gaskiya ba danjuma ne da dan Jummai ba to domin mutumin da ya zuba kudin shi,2.7799999713897705,2,Qoq528jcY74_chunk
tts-afriswitch-hausa-000015-_5p4bitL8Gs_chunk_2375744-2386812_235,afriswitch-hausa-000015-_5p4bitL8Gs_chunk_2375744-2386812_235,027ccd7c85d18c8ac8fe668ff217a53a4ac56ad41137696407fbfab8295f3f2d,3d139832dcead055489cb6c668747db56c06090983d3a95ad644d65ff012b3c2,Hausa-English,ha,hausa,"Toh babu laifi, masu kallo kuna tare da hajiya wadda ita ce ta kasance S. A abin da ya shafi national lottery trust fund za mu je hutun gajeren lokaci da zarar mun dawo za mu dora idan Allah ya kaimu.","Toh babu laifi, masu kallo kuna tare da hajiya wadda ita ce ta kasance [[EN]]S. A[[/EN]] abin da ya shafi [[EN]]national lottery trust fund[[/EN]] za mu je hutun gajeren lokaci da zarar mun dawo za mu dora idan Allah ya kaimu.",14.630000114440918,4,_5p4bitL8Gs
tts-afriswitch-hausa-000041-BF9VmKbRAwg_chunk_540128-554352_59,afriswitch-hausa-000041-BF9VmKbRAwg_chunk_540128-554352_59,463a08f7665f7a43861912bb19d46259782cb33d1784a8f96483713d3f780a7f,3d139832dcead055489cb6c668747db56c06090983d3a95ad644d65ff012b3c2,Hausa-English,ha,hausa,Ba za su sake faruwa ba such will never happen again. toh amma bayanan farko da muka samu na nuna cewa'yan bangar da suka gansu da makamai sai suka dauki cewa'yan fashin daji ne masu garkuwa da mutane sai kawai suka bar musu. its true,Ba za su sake faruwa ba [[EN]]such will never happen again.[[/EN]] toh amma bayanan farko da muka samu na nuna cewa'yan bangar da suka gansu da makamai sai suka dauki cewa'yan fashin daji ne masu garkuwa da mutane sai kawai suka bar musu. [[EN]]its true[[/EN]],15.5600004196167,3,BF9VmKbRAwg_chunk
tts-afriswitch-hausa-001140-jB7sp6lmZHA_chunk_1220576-1231728_102,afriswitch-hausa-001140-jB7sp6lmZHA_chunk_1220576-1231728_102,22bc452d1ad8185ba21ca6892fd6adeeda505fc75d102083d083f4bb4b422a86,3d139832dcead055489cb6c668747db56c06090983d3a95ad644d65ff012b3c2,Hausa-English,ha,hausa,"To do with economic political, wato sun da shafi tattalin arziki da siyasa da kuma batuniyoyin da aka amince dasu a baya kan batutuwa da dama.","[[EN]]To do with economic political,[[/EN]] wato sun da shafi tattalin arziki da siyasa da kuma batuniyoyin da aka amince dasu a baya kan batutuwa da dama.",19.229999542236328,1,jB7sp6lmZHA_chunk
tts-afriswitch-hausa-001421-_fY-glHqvA0_chunk_1603588-1613920_174,afriswitch-hausa-001421-_fY-glHqvA0_chunk_1603588-1613920_174,c358648038a3ba5432881355490957904ea4ddbe8e7571a4e16c63c712118b37,3d139832dcead055489cb6c668747db56c06090983d3a95ad644d65ff012b3c2,Hausa-English,ha,hausa,Najeriya yana da matatun man fetur hudu to amma sun shafe kusan shekara arba'in ba sa aiki wani abu da ya zaburar da dangote wani attajirinan na Afirka ya kafa matatar dangote a kasar,Najeriya yana da matatun [[EN]]man fetur[[/EN]] hudu to amma sun shafe kusan shekara arba'in ba sa aiki wani abu da ya zaburar da [[EN]]dangote[[/EN]] wani attajirinan na Afirka ya kafa matatar [[EN]]dangote[[/EN]] a kasar,11.760000228881836,6,_fY
tts-afriswitch-igbo-000614-TjdfhyD3QrA_chunk_263728-269536_29,afriswitch-igbo-000614-TjdfhyD3QrA_chunk_263728-269536_29,f9be49c21887d94b31ba0c2870ad5bb3413cc54670a9eba98071a77433d6a3b2,3d139832dcead055489cb6c668747db56c06090983d3a95ad644d65ff012b3c2,Igbo-English,ig,igbo,Onye omenala mara omenala Igbo ekwesighi ịdị n'ere ala especially ala dị n'ala Igbo anyị,Onye omenala mara omenala [[EN]]Igbo[[/EN]] ekwesighi ịdị n'ere ala [[EN]]especially[[/EN]] ala dị n'ala [[EN]]Igbo[[/EN]] anyị,20.0,6,TjdfhyD3QrA_chunk
tts-afriswitch-igbo-001587-CUBrJdmWt8E_chunk_275968-281120_32,afriswitch-igbo-001587-CUBrJdmWt8E_chunk_275968-281120_32,716fc52d50681bfa4024658a5783868e40cfcf0956fc9055f8c2bb72ae09742f,3d139832dcead055489cb6c668747db56c06090983d3a95ad644d65ff012b3c2,Igbo-English,ig,igbo,Then kedezi ihe iji mee expect na iro na I ga afu mmadu? Nna nwanne,[[EN]]Then[[/EN]] kedezi ihe iji mee [[EN]]expect[[/EN]] na iro na [[EN]]I[[/EN]] ga afu mmadu? [[EN]]Nna nwanne[[/EN]],33.33000183105469,6,CUBrJdmWt8E_chunk
tts-afriswitch-igbo-000289-RMEU52LaM6s_chunk_460452-466608_46,afriswitch-igbo-000289-RMEU52LaM6s_chunk_460452-466608_46,52e4aa68d6de7070af9cf4ed9537e3eec65f525a26ba069e835f91acf0a3d1b4,3d139832dcead055489cb6c668747db56c06090983d3a95ad644d65ff012b3c2,Igbo-English,ig,igbo,"Responded to me. Hei chineke. Ofu si ehn mummy, na o maka","[[EN]]Responded to me.[[/EN]] Hei chineke. Ofu si ehn [[EN]]mummy,[[/EN]] na o maka",33.33000183105469,3,RMEU52LaM6s_chunk
tts-afriswitch-igbo-000050-377qQqaCs8A_chunk_648068-654556_68,afriswitch-igbo-000050-377qQqaCs8A_chunk_648068-654556_68,3eb9fdf5013fdc68a599a99c82b3bc3a09083d86d5d1fadefda2559337e02e71,3d139832dcead055489cb6c668747db56c06090983d3a95ad644d65ff012b3c2,Igbo-English,ig,igbo,Wait let me block this eze thankgod Austin oyaa goodbye from this page you are an idiot,[[EN]]Wait let me block this eze thankgod Austin[[/EN]] oyaa [[EN]]goodbye from this page you are an idiot[[/EN]],5.880000114440918,2,377qQqaCs8A_chunk
tts-afriswitch-igbo-001392-lpiot9T9atE_chunk_477984-494624_49,afriswitch-igbo-001392-lpiot9T9atE_chunk_477984-494624_49,f2b3a1cabac2d258c015fc00f8ff59f56bc23f4cfd94281bbf013756de6d5098,3d139832dcead055489cb6c668747db56c06090983d3a95ad644d65ff012b3c2,Igbo-English,ig,igbo,On Twitter. Number 9: suba asusu gi SAG Tv. This channel was started 2 years ago and already has some great contact. One of my favorite videos is their learn how to set the time in Igbo language video. Ojirila,[[EN]]On Twitter. Number[[/EN]] 9: suba asusu gi [[EN]]SAG Tv. This channel was started[[/EN]] 2 [[EN]]years ago and already has some great contact. One of my favorite videos is their learn how to set the time in Igbo language video.[[/EN]] Ojirila,10.529999732971191,3,lpiot9T9atE_chunk
tts-afriswitch-igbo-001539-_OhWyhG7dpQ_chunk_640000-649696_76,afriswitch-igbo-001539-_OhWyhG7dpQ_chunk_640000-649696_76,2f1d8883fbd5b936cef65960139b1dd2d3ae0f5fdae628bfdb66cb8392f75f49,3d139832dcead055489cb6c668747db56c06090983d3a95ad644d65ff012b3c2,Igbo-English,ig,igbo,"Ị ma na movie anyị na-ekiri, Chineke, ị mara na nwoke nwe change movie mu na nwunye ya na-ekiri.","Ị ma na [[EN]]movie[[/EN]] anyị na-ekiri, Chineke, ị mara na nwoke [[EN]]nwe change movie[[/EN]] mu na nwunye ya na-ekiri.",21.049999237060547,4,_OhWyhG7dpQ
tts-afriswitch-igbo-001190-MQt6CN5vlDs_chunk_3418096-3435996_375,afriswitch-igbo-001190-MQt6CN5vlDs_chunk_3418096-3435996_375,34b4036bac4122f6a982e70b219152d6be97024e49586394665abf272497dff3,3d139832dcead055489cb6c668747db56c06090983d3a95ad644d65ff012b3c2,Igbo-English,ig,igbo,what song do you think so someone someone said ugochi mmu onu boy gba gotte elu now,[[EN]]what song do you think so someone someone said[[/EN]] ugochi mmu onu [[EN]]boy gba gotte elu now[[/EN]],17.649999618530273,2,MQt6CN5vlDs_chunk
tts-afriswitch-igbo-000180-aRIK319lpS0_chunk_1689072-1703584_186,afriswitch-igbo-000180-aRIK319lpS0_chunk_1689072-1703584_186,6edad195892bc1894357a8839c5fe536b703fddcfac0b39cda6663da224a3eda,3d139832dcead055489cb6c668747db56c06090983d3a95ad644d65ff012b3c2,Igbo-English,ig,igbo,"Ugochi? uhhhhhhhhh! guys ok so the funny story about that one, I have met Ugochi she was in Atlanta for the Umuigbo unite convention. Who said Ugochi?","Ugochi? [[EN]]uhhhhhhhhh! guys ok so the funny story about that one, I have met[[/EN]] Ugochi [[EN]]she was in Atlanta for the[[/EN]] Umuigbo [[EN]]unite convention. Who said[[/EN]] Ugochi?",14.8100004196167,6,aRIK319lpS0_chunk
tts-afriswitch-igbo-000284--_drJGeGoLg_chunk_405252-415836_33,afriswitch-igbo-000284--_drJGeGoLg_chunk_405252-415836_33,3c84616cc7038af16d2411b5b23f6cac342f0a8bb35669fd192cbc850fad395f,3d139832dcead055489cb6c668747db56c06090983d3a95ad644d65ff012b3c2,Igbo-English,ig,igbo,"Atu bekee, atu bekee, chewing stick.","Atu bekee, atu bekee, [[EN]]chewing stick.[[/EN]]",33.33000183105469,1,_
tts-afriswitch-igbo-000842-NsQDmdHr6Bc_chunk_186624-193952_21,afriswitch-igbo-000842-NsQDmdHr6Bc_chunk_186624-193952_21,426bb8f0fc9f0f57005665e53b3132fc4cc213d9775f22682b9ddabdc70972da,3d139832dcead055489cb6c668747db56c06090983d3a95ad644d65ff012b3c2,Igbo-English,ig,igbo,"bosi akpolu crusade a, onwelu onye afulu? Ma o bu ndi no n'Enugwu ma o ndi Enugwu chapter, onwelo onye afuru, ighotago?","bosi akpolu [[EN]]crusade[[/EN]] a, onwelu onye afulu? Ma o bu ndi [[EN]]no n'Enugwu[[/EN]] ma o ndi Enugwu [[EN]]chapter,[[/EN]] onwelo onye afuru, ighotago?",18.18000030517578,6,NsQDmdHr6Bc_chunk
tts-afriswitch-igbo-001549-2W-B2PxkpDU_chunk_6260016-6267072_736,afriswitch-igbo-001549-2W-B2PxkpDU_chunk_6260016-6267072_736,9b6bc314762752d37a68670a4b8261bc0a0f09a384b3102a035371af768c8104,3d139832dcead055489cb6c668747db56c06090983d3a95ad644d65ff012b3c2,Igbo-English,ig,igbo,"Tinye 10 tinye 10,000 na account okafor Esther, union bank. Tii 10,000 na account a","Tinye 10 tinye 10,000 na [[EN]]account[[/EN]] okafor [[EN]]Esther, union bank.[[/EN]] Tii 10,000 na [[EN]]account[[/EN]] a",41.66999816894531,6,2W_B2PxkpDU
tts-afriswitch-igbo-000698-Fl3Hgw5n278_chunk_897104-900384_98,afriswitch-igbo-000698-Fl3Hgw5n278_chunk_897104-900384_98,d63b205448f3d61d799a0015c34627c967d1d785ec0ebbdd15ad34b158fa6f77,3d139832dcead055489cb6c668747db56c06090983d3a95ad644d65ff012b3c2,Igbo-English,ig,igbo,Ozudilo mbambam people de disturbing me,Ozudilo [[EN]]mbambam people[[/EN]] de [[EN]]disturbing me[[/EN]],33.33000183105469,3,Fl3Hgw5n278_chunk
tts-afriswitch-igbo-001261-gx-neGaedNI_chunk_263440-271984_24,afriswitch-igbo-001261-gx-neGaedNI_chunk_263440-271984_24,d5c4603c333c60f0103c2829d0a5de31326a30177163579abeb86e245e4fcdc5,3d139832dcead055489cb6c668747db56c06090983d3a95ad644d65ff012b3c2,Igbo-English,ig,igbo,dara ngosi karr ghta Enugwu steeti d profmasi iwu na nwoke nwere ngalaba hi,dara ngosi karr ghta Enugwu steeti d [[EN]]profmasi[[/EN]] iwu na nwoke nwere ngalaba hi,7.139999866485596,2,gx_neGaedNI
tts-afriswitch-igbo-000392-yAvGtVL_y0w_chunk_121888-135088_15,afriswitch-igbo-000392-yAvGtVL_y0w_chunk_121888-135088_15,1bb4ebfcbbf45ba20e34aa0c2de3d5e86758c2b1d081eb643c78fa74fcba00d7,3d139832dcead055489cb6c668747db56c06090983d3a95ad644d65ff012b3c2,Igbo-English,ig,igbo,"maka na egwu mkpokiti abughi egwu achuta ba naka agba suba asusu gi ozi a si n'aka ndi suba asusu gi initiative,otu na-akwalite asusu n'omenala Igbo","maka na egwu mkpokiti abughi egwu achuta ba naka agba suba asusu gi ozi a si n'aka ndi suba asusu gi initiative,otu [[EN]]na-akwalite[[/EN]] asusu n'omenala [[EN]]Igbo[[/EN]]",7.690000057220459,3,yAvGtVL_y0w
tts-afriswitch-igbo-000311-P-LVtnjfoYI_chunk_3108708-3113852_310,afriswitch-igbo-000311-P-LVtnjfoYI_chunk_3108708-3113852_310,78ca900b2c36ea6db1619bdbd2d480a0a80b13f40f8501986f2c2ed1eab0064f,3d139832dcead055489cb6c668747db56c06090983d3a95ad644d65ff012b3c2,Igbo-English,ig,igbo,enwega problem generally network na Chicago. I don't know what's going on,enwega [[EN]]problem generally network[[/EN]] na [[EN]]Chicago. I don't know what's going on[[/EN]],16.670000076293945,3,P_LVtnjfoYI
tts-afriswitch-igbo-000247-rXOfcEFAD_w_chunk_1019904-1023632_121,afriswitch-igbo-000247-rXOfcEFAD_w_chunk_1019904-1023632_121,136f0d3f559f50fc8de8c792281ffd67c8e602edbc398bbf4fbdbb856fb85793,3d139832dcead055489cb6c668747db56c06090983d3a95ad644d65ff012b3c2,Igbo-English,ig,igbo,Look at njo joribe today only seven people,[[EN]]Look at[[/EN]] njo joribe [[EN]]today only seven people[[/EN]],25.0,2,rXOfcEFAD_w
tts-afriswitch-igbo-001026-7N_zFjHn32I_chunk_616976-626448_71,afriswitch-igbo-001026-7N_zFjHn32I_chunk_616976-626448_71,da8de0c7a1ce1c8a045bd5e84a7177571402d0203578c04a8310d838aed4d739,3d139832dcead055489cb6c668747db56c06090983d3a95ad644d65ff012b3c2,Igbo-English,ig,igbo,"Ofudu sef aburo members ya. Ofudu just bu ndi huru iberibe unu decide ibia kwue kunu kana agbara tika tika, kedu Ka oga bu ubosi onye a ga emeghe puo onu","Ofudu sef aburo [[EN]]members[[/EN]] ya. Ofudu [[EN]]just[[/EN]] bu ndi huru iberibe unu [[EN]]decide[[/EN]] ibia kwue kunu kana agbara tika tika, kedu Ka oga bu ubosi onye a ga emeghe puo onu",9.680000305175781,6,7N_zFjHn32I
tts-afriswitch-igbo-000318-5kUxvR9Qd7E_chunk_932676-936256_101,afriswitch-igbo-000318-5kUxvR9Qd7E_chunk_932676-936256_101,26dad04084a5cd80dcd767bbe905cce3ac505b480a85f6edfb751e5ec0aee035,3d139832dcead055489cb6c668747db56c06090983d3a95ad644d65ff012b3c2,Igbo-English,ig,igbo,"(In music background) Njọ aka, remember","[[EN]](In music background)[[/EN]] Njọ aka, [[EN]]remember[[/EN]]",33.33000183105469,2,5kUxvR9Qd7E_chunk
tts-afriswitch-igbo-000516-WpzbiXNc3h4_chunk_2529536-2541792_291,afriswitch-igbo-000516-WpzbiXNc3h4_chunk_2529536-2541792_291,bfc214cae4a15840c5bd5e5443f967958344ddab315b8a6ecc380387c6c4a7b1,3d139832dcead055489cb6c668747db56c06090983d3a95ad644d65ff012b3c2,Igbo-English,ig,igbo,"Na enwe ka osi wee mee ya, na oburokwa like that. Enwe my friend no obodo a, nwunye ya bu onye poland, nwanne nwunye bu fada. So mu si that guy biko jugodu nwunye gi","Na enwe ka osi wee mee ya, na oburokwa [[EN]]like that.[[/EN]] Enwe [[EN]]my friend no[[/EN]] obodo a, nwunye ya bu onye [[EN]]poland,[[/EN]] nwanne nwunye bu fada. [[EN]]So[[/EN]] mu si [[EN]]that guy[[/EN]] biko jugodu nwunye gi",25.709999084472656,10,WpzbiXNc3h4_chunk
tts-afriswitch-igbo-000846-k7ZlslgIySM_chunk_738784-752988_94,afriswitch-igbo-000846-k7ZlslgIySM_chunk_738784-752988_94,6a243d35cd5ef7329dff1273d6a9220f0cf6e9cacfd51faf91c874fc9664c220,3d139832dcead055489cb6c668747db56c06090983d3a95ad644d65ff012b3c2,Igbo-English,ig,igbo,"If na ha amaro na such thing ga eme, Ihe my na agwa gi am giving you history. You should go and check. For ndi na-asi gi na Amerika bata na ha ga ami mmanu gi mee nke ozo, America is not coming to imi mmanu gi","[[EN]]If[[/EN]] na ha amaro na [[EN]]such thing[[/EN]] ga eme, [[EN]]Ihe my[[/EN]] na agwa gi [[EN]]am giving you history. You should go and check. For[[/EN]] ndi na-asi gi na [[EN]]Amerika[[/EN]] bata na ha ga ami mmanu gi mee nke ozo, [[EN]]America is not coming to[[/EN]] imi mmanu gi",44.68000030517578,11,k7ZlslgIySM_chunk
tts-afriswitch-igbo-000829-oJ8BVNATnhM_chunk_571396-575744_65,afriswitch-igbo-000829-oJ8BVNATnhM_chunk_571396-575744_65,83a1436bcf52fb4119f7a01954428ebb2e27a9350282a727e99d48e68a734fcb,3d139832dcead055489cb6c668747db56c06090983d3a95ad644d65ff012b3c2,Igbo-English,ig,igbo,it's not ibiazi na villages ịhụ ka a na-emegide mmadụ maka na,[[EN]]it's not[[/EN]] ibiazi na [[EN]]villages[[/EN]] ịhụ ka [[EN]]a na-emegide[[/EN]] mmadụ maka na,41.66999816894531,5,oJ8BVNATnhM_chunk
tts-afriswitch-igbo-001350-mcYaoOV2ojI_chunk_834208-848608_104,afriswitch-igbo-001350-mcYaoOV2ojI_chunk_834208-848608_104,30ea7854227493dab64b021c206516f2be1d1cb70dec3916c76f8f0806e53361,3d139832dcead055489cb6c668747db56c06090983d3a95ad644d65ff012b3c2,Igbo-English,ig,igbo,Iy maka if chemd months daps nst be restd hest be get,[[EN]]Iy[[/EN]] maka [[EN]]if chemd months daps nst be restd hest be get[[/EN]],8.329999923706055,2,mcYaoOV2ojI_chunk
tts-afriswitch-igbo-001595-PrqAqZJeL70_chunk_5136580-5148156_579,afriswitch-igbo-001595-PrqAqZJeL70_chunk_5136580-5148156_579,53d73688ba0660677984bfcc8be6984c0b64d68c3764765ebe1bf677d733e4d8,3d139832dcead055489cb6c668747db56c06090983d3a95ad644d65ff012b3c2,Igbo-English,ig,igbo,"are related to duru, who's duru? I don't know. Ite ofe is part of soup but I don't know","[[EN]]are related to[[/EN]] duru, [[EN]]who's[[/EN]] duru? [[EN]]I don't know. Ite ofe is part of soup but I don't know[[/EN]]",10.529999732971191,4,PrqAqZJeL70_chunk
tts-afriswitch-igbo-001829-rV0gyiJk91c_chunk_595440-603392_56,afriswitch-igbo-001829-rV0gyiJk91c_chunk_595440-603392_56,9b4c1f44f356017bae0c719d8755d3ee0da77b7ab192c293e40ead880a8395ce,3d139832dcead055489cb6c668747db56c06090983d3a95ad644d65ff012b3c2,Igbo-English,ig,igbo,fd adgh mma ya mere ka any na-ehi n'anya tupu ayara ka ama m na any mtara ihe,[[EN]]fd adgh[[/EN]] mma ya mere ka [[EN]]any[[/EN]] na-ehi n'anya tupu ayara ka ama m na [[EN]]any[[/EN]] mtara ihe,22.219999313354492,5,rV0gyiJk91c_chunk
tts-afriswitch-igbo-001575-OWD5PHX3IdA_chunk_2845520-2857564_325,afriswitch-igbo-001575-OWD5PHX3IdA_chunk_2845520-2857564_325,748b8cb98b783ea05808ba73dedf152aa5f44a83cfcf5172e490eaad72695c4c,3d139832dcead055489cb6c668747db56c06090983d3a95ad644d65ff012b3c2,Igbo-English,ig,igbo,"ịma na i wu nu iwu nu iwu nu utobo, you are hiding behind a fake account, I know you are you are you know exactly what you are doing okay, I know you know exactly what you are doing","ịma na i wu nu iwu nu iwu nu utobo, [[EN]]you are hiding behind a fake account, I know you are you are you know exactly what you are doing okay, I know you know exactly what you are doing[[/EN]]",25.0,1,OWD5PHX3IdA_chunk
tts-afriswitch-pidgin-001315-hYAH9m4_QCw_chunk_652112-666176_48,afriswitch-pidgin-001315-hYAH9m4_QCw_chunk_652112-666176_48,4fa3976ce4f539e2e60ae464cf67bcf7710d5e940fd37bba15e51b6dd8d4b6a5,3d139832dcead055489cb6c668747db56c06090983d3a95ad644d65ff012b3c2,Pidgin-English,pcm,pidgin,E dey talk and na inside cano ni dey talk this one according to dis Agal Predol for inside hip he say the management of NPC Nine carry this warning draw better here after one meeting wey dem get with os for hip for inside A,E dey talk and na inside cano ni dey talk this one [[EN]]according to[[/EN]] dis Agal Predol for inside hip he say the [[EN]]management of NPC Nine[[/EN]] carry [[EN]]this warning[[/EN]] draw better here [[EN]]after one meeting[[/EN]] wey dem get with os for hip for inside A,23.90999984741211,8,hYAH9m4_QCw
tts-afriswitch-pidgin-001125-lm4xjILr7B4_chunk_60368-65920_10,afriswitch-pidgin-001125-lm4xjILr7B4_chunk_60368-65920_10,31c60a64ac265ca43595fe46a4eeb3a7a3e6ae7a6b8ea5fb635ed0c809b430af,3d139832dcead055489cb6c668747db56c06090983d3a95ad644d65ff012b3c2,Pidgin-English,pcm,pidgin,The fact say e be like say dem dey run government like secret cut na im dey make people not dey get confidence,[[EN]]The fact[[/EN]] say e be like say dem dey run [[EN]]government[[/EN]] like [[EN]]secret cut[[/EN]] na im dey make [[EN]]people[[/EN]] not dey get [[EN]]confidence[[/EN]],30.43000030517578,8,lm4xjILr7B4_chunk
tts-afriswitch-pidgin-001509-nOrWm2840iA_chunk_810724-823280_68,afriswitch-pidgin-001509-nOrWm2840iA_chunk_810724-823280_68,55c33ee77493817eb4e66488d2c5584584019b589f6211484f81536b828c740d,3d139832dcead055489cb6c668747db56c06090983d3a95ad644d65ff012b3c2,Pidgin-English,pcm,pidgin,I you na go relationship Na yes wey happen because you at risk OK En then say fle from all appearances of evle,I you na go relationship Na yes wey happen [[EN]]because you at risk OK[[/EN]] En then say [[EN]]fle from all appearances of evle[[/EN]],47.83000183105469,3,nOrWm2840iA_chunk
tts-afriswitch-pidgin-000914-agcYS5eX-OI_chunk_428496-437216_47,afriswitch-pidgin-000914-agcYS5eX-OI_chunk_428496-437216_47,68f6ad1c0e0be56c812b4f85bbe56d68cb9387cc4675c81688915ca044395124,3d139832dcead055489cb6c668747db56c06090983d3a95ad644d65ff012b3c2,Pidgin-English,pcm,pidgin,Wetin happen at that time is it ann historical thing we need to keep in the for front of our new democracy so that people can know the heroes,Wetin happen [[EN]]at that time is it ann historical thing we need to keep in the for front of our new democracy so that people can know the heroes[[/EN]],6.900000095367432,1,agcYS5eX_OI
tts-afriswitch-pidgin-000522-OQSy5_Nv_fo_chunk_654052-667040_70,afriswitch-pidgin-000522-OQSy5_Nv_fo_chunk_654052-667040_70,59c98513bf11f0a446da3fa5bace7e259a660879fa86d552450da62ae452e9b5,3d139832dcead055489cb6c668747db56c06090983d3a95ad644d65ff012b3c2,Pidgin-English,pcm,pidgin,Hey okay well go start OK Alright no worry well they go poo poo OK wet 1st bash name na right,[[EN]]Hey okay well go start OK Alright no worry well they go poo poo OK[[/EN]] wet [[EN]]1st bash name[[/EN]] na [[EN]]right[[/EN]],9.520000457763672,4,OQSy5_Nv
tts-afriswitch-pidgin-000005-QarC174FuRo_chunk_1107696-1119536_134,afriswitch-pidgin-000005-QarC174FuRo_chunk_1107696-1119536_134,2312f39ae9cb23ded5a6d73ad5268e042d587705e6fb8f1f5d513a498ee2d1fb,3d139832dcead055489cb6c668747db56c06090983d3a95ad644d65ff012b3c2,Pidgin-English,pcm,pidgin,"The truth be say whatever it is you believe in everybody believes in a supernatural force and that's why as a life coach or a psychotherapist we come from from that point of view and know say God, God, God. Yes I be Christian","The truth be say [[EN]]whatever it is you believe in everybody believes in a supernatural force and that's why as a life coach or a psychotherapist we come from from that point of view and[[/EN]] know say [[EN]]God, God, God[[/EN]]. Yes I be Christian",22.729999542236328,4,QarC174FuRo_chunk
tts-afriswitch-pidgin-001375-uN9KEwwQ36A_chunk_274384-276656_26,afriswitch-pidgin-001375-uN9KEwwQ36A_chunk_274384-276656_26,f82841b8e9f00099ad0dbf283175d884d200a2afac2584f51cb5cd02cd0abb1e,3d139832dcead055489cb6c668747db56c06090983d3a95ad644d65ff012b3c2,Pidgin-English,pcm,pidgin,or the one wey dey wear agbada dey tell them say,[[EN]]or the one[[/EN]] wey dey wear agbada dey tell them say,27.270000457763672,1,uN9KEwwQ36A_chunk
tts-afriswitch-pidgin-000012-No6f5wUO9Bw_chunk_1262048-1276416_149,afriswitch-pidgin-000012-No6f5wUO9Bw_chunk_1262048-1276416_149,adcf7820633af846a81ed41b1a18512279a26a8169809b36367f8a133c9e0687,3d139832dcead055489cb6c668747db56c06090983d3a95ad644d65ff012b3c2,Pidgin-English,pcm,pidgin,information goes to. It's like a warehouse. They say do you have a warehouse in Somolu? We say yes we get warehouse for Somolu. Na electoral materials we dey keep there.,[[EN]]information goes to. It's like a warehouse. They say do you have a warehouse in Somolu?[[/EN]] [[EN]]We say yes[[/EN]] we get warehouse for Somolu. Na electoral materials we dey keep there.,38.709999084472656,1,No6f5wUO9Bw_chunk
tts-afriswitch-pidgin-001380-9X_G1w_c0yU_chunk_655760-661920_75,afriswitch-pidgin-001380-9X_G1w_c0yU_chunk_655760-661920_75,4997b52d574d6554f74a7845e04b73a78c08ae624ab23ddc749626e0a87313cf,3d139832dcead055489cb6c668747db56c06090983d3a95ad644d65ff012b3c2,Pidgin-English,pcm,pidgin,You get dem to be moody sometimes.Sometimes dey cooperate with you dey take their medicines sometimes the don't,[[EN]]You get[[/EN]] dem [[EN]]to be moody sometimes.Sometimes[[/EN]] dey [[EN]]cooperate with you[[/EN]] dey [[EN]]take their medicines sometimes the don't[[/EN]],16.670000076293945,6,9X_G1w
tts-afriswitch-pidgin-001211-1fytSAw_5GY_chunk_1248592-1255600_124,afriswitch-pidgin-001211-1fytSAw_5GY_chunk_1248592-1255600_124,468272e00f5ffaced864ec6fdd22010d29ec14a31e74383b99359e26dcbdd6cb,3d139832dcead055489cb6c668747db56c06090983d3a95ad644d65ff012b3c2,Pidgin-English,pcm,pidgin,i tell you I no fit wait As you know wetin even dey funny about am na even the tight one because e dey very hard to find,[[EN]]i tell you[[/EN]] I no fit wait [[EN]]As you know[[/EN]] wetin even dey [[EN]]funny about am[[/EN]] na even the [[EN]]tight one because e dey very hard to find[[/EN]],35.709999084472656,6,1fytSAw_5GY
tts-afriswitch-pidgin-001148-yAGZmZ7ZZ3I_chunk_2663248-2672736_290,afriswitch-pidgin-001148-yAGZmZ7ZZ3I_chunk_2663248-2672736_290,8b100a10b3a38c60e5d43e7980640a6031563d5a6485d90158f63c0346623ebe,3d139832dcead055489cb6c668747db56c06090983d3a95ad644d65ff012b3c2,Pidgin-English,pcm,pidgin,"dem say prevention is better than cure abi? But the way wey Nigerian situation dey, you need a lot of cure first because people","dem say [[EN]]prevention is better than cure[[/EN]] abi? But the way wey Nigerian situation dey, [[EN]]you need a lot of cure first because people[[/EN]]",41.66999816894531,3,yAGZmZ7ZZ3I_chunk
tts-afriswitch-pidgin-000721-QJUOy3vsPy0_chunk_457760-460624_36,afriswitch-pidgin-000721-QJUOy3vsPy0_chunk_457760-460624_36,742fbed22ea4c314455cb05328126a991bd71fe251b0aaafafdcddb77f74f59b,3d139832dcead055489cb6c668747db56c06090983d3a95ad644d65ff012b3c2,Pidgin-English,pcm,pidgin,"fit show some kind stubbornness, But then","fit [[EN]]show some kind stubbornness, But then[[/EN]]",14.289999961853027,1,QJUOy3vsPy0_chunk
tts-afriswitch-pidgin-000540-7HJVodnEhoo_chunk_107728-118464_14,afriswitch-pidgin-000540-7HJVodnEhoo_chunk_107728-118464_14,d11b36419c24d5328c695ca749c5121633795e1cbfb6d4df82e4a36a29aef8fe,3d139832dcead055489cb6c668747db56c06090983d3a95ad644d65ff012b3c2,Pidgin-English,pcm,pidgin,No let give it any cooration And is not to falt of ease He as a health challenge we have the one of the hand shaking we have the one of a bit of incerence,No let [[EN]]give it any cooration[[/EN]] [[EN]]And is not to falt of ease[[/EN]] He as [[EN]]a health challenge[[/EN]] [[EN]]we have the one of the hand shaking we have the one of a bit of incerence[[/EN]],11.430000305175781,3,7HJVodnEhoo_chunk
tts-afriswitch-pidgin-001406-Nq9gJX0tPn4_chunk_1246720-1251920_147,afriswitch-pidgin-001406-Nq9gJX0tPn4_chunk_1246720-1251920_147,2f1ec262e00e30e0dbc7023911a759eb716f60ed3f374a5c340139164dd0c331,3d139832dcead055489cb6c668747db56c06090983d3a95ad644d65ff012b3c2,Pidgin-English,pcm,pidgin,As part of dem also maybe if this time I go try treat am to the angle of the teacher,[[EN]]As part of[[/EN]] dem [[EN]]also maybe if this time[[/EN]] I go try treat am [[EN]]to the angle of the teacher[[/EN]],30.0,4,Nq9gJX0tPn4_chunk
tts-afriswitch-pidgin-001536-tWpY60x3Ico_chunk_185568-194876_21,afriswitch-pidgin-001536-tWpY60x3Ico_chunk_185568-194876_21,fb1f1b19f95b4f052e8be01ed0a88a5ffe90f093f0bdb3ebfdce4c6762e1e7a3,3d139832dcead055489cb6c668747db56c06090983d3a95ad644d65ff012b3c2,Pidgin-English,pcm,pidgin,"kept me in the house, I really appreciate it. Even if I won the HOH, and you know, ultimate HOH as some people go call dem ultimate Vito","[[EN]]kept me in the house, I really appreciate it. Even if I won the HOH, and you know, ultimate HOH[[/EN]] as some people go call dem ultimate Vito",28.56999969482422,1,tWpY60x3Ico_chunk
tts-afriswitch-pidgin-000781-88ibNUUOWJ0_chunk_129952-142432_15,afriswitch-pidgin-000781-88ibNUUOWJ0_chunk_129952-142432_15,36fc1c87bfbc107e50f04ef66a3406eb7f4cb84b3b64657b3a733cc4f8bf1900,3d139832dcead055489cb6c668747db56c06090983d3a95ad644d65ff012b3c2,Pidgin-English,pcm,pidgin,and them more exposed to the mosquito a child sleeping without the benefit of a net You probry get like double the number of mosquito bice on the dters cause the child know wetin,and them [[EN]]more exposed to the mosquito a child sleeping without the benefit of a net[[/EN]] You probry get like double the number of mosquito bice on the dters cause the child know wetin,41.18000030517578,2,88ibNUUOWJ0_chunk
tts-afriswitch-pidgin-001235-V_-P1bSy9tU_chunk_451296-458096_45,afriswitch-pidgin-001235-V_-P1bSy9tU_chunk_451296-458096_45,03f65dc2364fc20f29ff837b8e1d391bb3113de698ea122fb0d991a83ffa6464,3d139832dcead055489cb6c668747db56c06090983d3a95ad644d65ff012b3c2,Pidgin-English,pcm,pidgin,Which is very true We don hear am on top the show when people wey dey go some supermacket or some stors dem see milk,[[EN]]Which is very true[[/EN]] We don hear am on top the show when people wey dey go some [[EN]]supermacket[[/EN]] or some [[EN]]stors[[/EN]] dem see [[EN]]milk[[/EN]],28.0,6,V_
tts-afriswitch-pidgin-001116-Xd1qSmsxVHY_chunk_2055600-2067040_228,afriswitch-pidgin-001116-Xd1qSmsxVHY_chunk_2055600-2067040_228,9d2d6981236678b925ca28445bec8e1e5cab932b2f375590df3571dbfacab927,3d139832dcead055489cb6c668747db56c06090983d3a95ad644d65ff012b3c2,Pidgin-English,pcm,pidgin,Wh women dey if women wan do something dem dey do am and get am very right Even for home if woman like she rightly side if woman wan maintain peace e go just measure down like say no know wetin dey happen,Wh [[EN]]women[[/EN]] dey if [[EN]]women[[/EN]] wan do [[EN]]something[[/EN]] dem dey do am and get am [[EN]]very right[[/EN]] [[EN]]Even for home if woman like she rightly side[[/EN]] if [[EN]]woman[[/EN]] wan [[EN]]maintain peace[[/EN]] e go just [[EN]]measure down[[/EN]] like say no know wetin dey happen,44.189998626708984,14,Xd1qSmsxVHY_chunk
tts-afriswitch-pidgin-000743-dT2QmZ0611M_chunk_185824-201088_17,afriswitch-pidgin-000743-dT2QmZ0611M_chunk_185824-201088_17,7d2a5a4a41a47503bb4e0a4de17a022bd40fc97642e5544842b3bc3b6996038e,3d139832dcead055489cb6c668747db56c06090983d3a95ad644d65ff012b3c2,Pidgin-English,pcm,pidgin,Dr gland you come your brother don come with some ex to me I know say no be 7 result say is just there gaps and laps in our clinical laboratory. So because of that I say okay the best option to come home,Dr gland you come your brother don come [[EN]]with some ex to me[[/EN]] I know say no be 7 result say [[EN]]is just there gaps and laps in our clinical laboratory. So because of that I say okay the best option to come home[[/EN]],34.880001068115234,3,dT2QmZ0611M_chunk
tts-afriswitch-pidgin-000718-nd_x-tUy0CI_chunk_32976-38320_3,afriswitch-pidgin-000718-nd_x-tUy0CI_chunk_32976-38320_3,e4a4c0fdc8c6d37b4829593d0ebd89391c689f93722ea49f0555db9c29f4dc72,3d139832dcead055489cb6c668747db56c06090983d3a95ad644d65ff012b3c2,Pidgin-English,pcm,pidgin,His wonder dey address and focus attention There is a welcome development,[[EN]]His wonder[[/EN]] dey [[EN]]address and focus attention[[/EN]] [[EN]]There is a welcome development[[/EN]],8.329999923706055,2,nd_x
tts-afriswitch-pidgin-001037-YPsvoZ2qhIc_chunk_44704-49856_6,afriswitch-pidgin-001037-YPsvoZ2qhIc_chunk_44704-49856_6,01b7c9e9af038fd7147624b87b106105373862fdf233dbb542ee0025a053a5d8,3d139832dcead055489cb6c668747db56c06090983d3a95ad644d65ff012b3c2,Pidgin-English,pcm,pidgin,But e get one top wey we hear today and I dey sure say as a loose story person go don get this talk Eh,[[EN]]But[[/EN]] e get one top wey we hear [[EN]]today[[/EN]] [[EN]]and[[/EN]] I dey sure say as a loose story person go don get this talk Eh,12.0,3,YPsvoZ2qhIc_chunk
tts-afriswitch-pidgin-000926-4_AyeqXMUGk_chunk_1241728-1251440_109,afriswitch-pidgin-000926-4_AyeqXMUGk_chunk_1241728-1251440_109,8c4f54e18bdd170f4a3b7f220c64ab6f35c4914d1c55e712facd260bb44cd605,3d139832dcead055489cb6c668747db56c06090983d3a95ad644d65ff012b3c2,Pidgin-English,pcm,pidgin,Hey if her this one dae so massive I no even know how to start Most people addicted to poography I mean you think about,[[EN]]Hey if her this one[[/EN]] dae so [[EN]]massive[[/EN]] I no even know [[EN]]how to start[[/EN]] [[EN]]Most people addicted to poography I mean you think about[[/EN]],24.0,4,4_AyeqXMUGk
tts-afriswitch-pidgin-000521-hYAH9m4_QCw_chunk_1238272-1242448_87,afriswitch-pidgin-000521-hYAH9m4_QCw_chunk_1238272-1242448_87,ed123c193a927f10233806475c35dadf83e82a711b55de4cb54dd81a6f64cb02,3d139832dcead055489cb6c668747db56c06090983d3a95ad644d65ff012b3c2,Pidgin-English,pcm,pidgin,So everywhere dem design am dem arrange am,[[EN]]So everywhere[[/EN]] dem design am dem arrange am,25.0,1,hYAH9m4_QCw
tts-afriswitch-pidgin-000848-C0iDsPp6JrQ_chunk_262976-275312_24,afriswitch-pidgin-000848-C0iDsPp6JrQ_chunk_262976-275312_24,9e6d92f6ba94521ec1daeb002f9b48618060c2d6fc620a11c614a71236e093f0,3d139832dcead055489cb6c668747db56c06090983d3a95ad644d65ff012b3c2,Pidgin-English,pcm,pidgin,She loves eating anything her heart don nut treatal value She house don dae chop my while eat small wey we have enough things head her I still think common in law things and help,[[EN]]She loves eating anything[[/EN]] her heart don nut treatal value She house don dae chop my while eat small wey we have enough things head her [[EN]]I still think common in law things and help[[/EN]],37.13999938964844,2,C0iDsPp6JrQ_chunk
tts-afriswitch-pidgin-000079-gyrgg1rg_ww_chunk_1275824-1291024_99,afriswitch-pidgin-000079-gyrgg1rg_ww_chunk_1275824-1291024_99,31e32e003c78a770ce69d178973b157237503e4a119a79fe5a8bfcac12daa589,3d139832dcead055489cb6c668747db56c06090983d3a95ad644d65ff012b3c2,Pidgin-English,pcm,pidgin,"Make we ask her people wey dey house This time last year how much you dey buy a cup of Garri? How much you dey buy one mudu of Garri and the people wey dey hear us from the other side wey bin dem no dey abuja wey dem dey use kongo, how much be 10 kongo 10 cups","Make we ask her people wey dey house [[EN]]This time last year[[/EN]] how much you dey buy [[EN]]a cup of Garri[[/EN]]? How much you dey buy [[EN]]one mudu of Garri[[/EN]] and the people wey dey hear us from the other side wey bin dem no dey abuja wey dem dey use kongo, how much be 10 kongo [[EN]]10 cups[[/EN]]",22.809999465942383,7,gyrgg1rg_ww
tts-afriswitch-yoruba-000826-t8GrmBGqAuU_chunk_2701216-2712412_242,afriswitch-yoruba-000826-t8GrmBGqAuU_chunk_2701216-2712412_242,ca8f08238ea9c5ad146a2cde21802dd41d972750879357ffa9601606326b00c6,3d139832dcead055489cb6c668747db56c06090983d3a95ad644d65ff012b3c2,Yoruba-English,yo,yoruba,"Orekelewa kilode, a wi a wi, o lo ni gbo o, omode yii na go o, row iketa ma lo n jo ige","Orekelewa kilode, a wi a wi, o lo ni [[EN]]gbo[[/EN]] o, omode yii na [[EN]]go o, row[[/EN]] iketa ma lo [[EN]]n[[/EN]] jo ige",21.739999771118164,6,t8GrmBGqAuU_chunk
tts-afriswitch-yoruba-000340-QT67XpmVoFU_chunk_1415536-1426528_132,afriswitch-yoruba-000340-QT67XpmVoFU_chunk_1415536-1426528_132,9f8d24ae2caf776654bd3638477ef1fc0534a72ccdd95cf3e70581f653df5336,3d139832dcead055489cb6c668747db56c06090983d3a95ad644d65ff012b3c2,Yoruba-English,yo,yoruba,"To se ri oga ati Amaka, to ba gbe awon mejeji si egbe ara won so feel pe won wa compatible? Ha ha kini ipade were ati asinwin?","To se ri oga ati Amaka, to ba gbe awon mejeji si egbe ara [[EN]]won so feel[[/EN]] pe [[EN]]won[[/EN]] wa [[EN]]compatible? Ha ha[[/EN]] kini [[EN]]ipade were[[/EN]] ati [[EN]]asinwin?[[/EN]]",35.709999084472656,9,QT67XpmVoFU_chunk
tts-afriswitch-yoruba-000625-vizeIbys8Pk_chunk_5121312-5128656_366,afriswitch-yoruba-000625-vizeIbys8Pk_chunk_5121312-5128656_366,bc5d6e62d958ecb27f456a40c2362147404a4069a51e69dcbf8e0e2b271ab3b2,3d139832dcead055489cb6c668747db56c06090983d3a95ad644d65ff012b3c2,Yoruba-English,yo,yoruba,you're welcome. Orúkọ mí ní Henry. Tina is my name. Wow! Tina.,[[EN]]you're welcome.[[/EN]] Orúkọ mí ní [[EN]]Henry.[[/EN]] Tina [[EN]]is my name. Wow![[/EN]] Tina.,41.66999816894531,5,vizeIbys8Pk_chunk
tts-afriswitch-yoruba-000895-yIHn2cQrWag_chunk_161488-176028_21,afriswitch-yoruba-000895-yIHn2cQrWag_chunk_161488-176028_21,e22ac951c1789ff04ec5612d52de7feedfca1ece5febc6b94592922cf4177200,3d139832dcead055489cb6c668747db56c06090983d3a95ad644d65ff012b3c2,Yoruba-English,yo,yoruba,"Bó ṣe yẹ, ó pàṣẹ fún ọ̀gá ọlọ́pǎ pátápátá ilé-iṣẹ́ ọ̀tẹlẹ̀múyẹ́ láti ṣisẹ́ pẹlú àwọn Gómìnà kí eléyìí le di mímúṣẹ. Jọkẹ́ Àmọ̀rí ló ṣ'àkójọpọ̀ ìròyìn ọ̀hún fún Aláròyé online telifísọ̀n","Bó ṣe yẹ, ó pàṣẹ fún ọ̀gá ọlọ́pǎ pátápátá ilé-iṣẹ́ ọ̀tẹlẹ̀múyẹ́ láti ṣisẹ́ pẹlú àwọn Gómìnà kí eléyìí le di mímúṣẹ. Jọkẹ́ Àmọ̀rí ló ṣ'àkójọpọ̀ ìròyìn ọ̀hún fún Aláròyé [[EN]]online[[/EN]] telifísọ̀n",3.2300000190734863,2,yIHn2cQrWag_chunk
tts-afriswitch-yoruba-000913-zZenFgopcs8_chunk_4148304-4159728_404,afriswitch-yoruba-000913-zZenFgopcs8_chunk_4148304-4159728_404,ed3d59d936e3dc37b2b8fea3e2ec7b580239fbcbffdb88d3aa13f16d939d9ac4,3d139832dcead055489cb6c668747db56c06090983d3a95ad644d65ff012b3c2,Yoruba-English,yo,yoruba,"o ṣa n sope iwo níyà é, iwo ni baba é, ehn, ọ ṣa ti ri nkan ti de ṣe. Joo, sorry, mi ọ mo pe,mo ti gbagbe pe oko è wá lori iduro.. Nooo: ko ye ki n mẹnu lo sibeyen o","o ṣa [[EN]]n[[/EN]] sope iwo níyà é, iwo ni baba é, ehn, ọ ṣa ti ri nkan ti de ṣe. Joo, [[EN]]sorry,[[/EN]] mi ọ mo pe,mo ti gbagbe pe oko è wá lori iduro.. Nooo: ko ye ki n mẹnu lo sibeyen o",4.880000114440918,4,zZenFgopcs8_chunk
tts-afriswitch-yoruba-001831-tf-kNE6FNfg_chunk_4336-19504_3,afriswitch-yoruba-001831-tf-kNE6FNfg_chunk_4336-19504_3,57f72b72bc16be32d975394b5c308c6959fa0bd0f9c7e567c509d85b27b6a2a6,3d139832dcead055489cb6c668747db56c06090983d3a95ad644d65ff012b3c2,Yoruba-English,yo,yoruba,Ni ni to gbe iyawo sile to wa fi gbogbo na toju e to n pa to nge to n gun fi ife si o je kin baje,Ni ni to gbe iyawo sile to wa fi gbogbo na toju e to [[EN]]n[[/EN]] pa to [[EN]]nge to n gun[[/EN]] fi ife si o je kin baje,17.860000610351562,4,tf_kNE6FNfg
tts-afriswitch-yoruba-001404-DxYjoDukuZI_chunk_2716496-2729024_220,afriswitch-yoruba-001404-DxYjoDukuZI_chunk_2716496-2729024_220,a7fade77a47b1125e8c405dc8c5b2cc75ac9bf0a7e77cfa30072552db68bd355,3d139832dcead055489cb6c668747db56c06090983d3a95ad644d65ff012b3c2,Yoruba-English,yo,yoruba,"I'm very sure. Are you upset? No no it's fine it's fine, but promise you won't see him again. Kosi Ibi ti moti fe ri. Is that a promise?","[[EN]]I'm very sure. Are you upset? No no it's fine it's fine, but promise you won't see him again.[[/EN]] Kosi Ibi ti moti fe ri. [[EN]]Is that a promise?[[/EN]]",20.690000534057617,2,DxYjoDukuZI_chunk
tts-afriswitch-yoruba-000522-AlZ-69aEaRU_chunk_105824-117692_15,afriswitch-yoruba-000522-AlZ-69aEaRU_chunk_105824-117692_15,da0f27f1d05bd5595f392b58e39eb963f5daafb99138e1c06bcb8d4f2f075df6,3d139832dcead055489cb6c668747db56c06090983d3a95ad644d65ff012b3c2,Yoruba-English,yo,yoruba,"Wèrè ló sọ fún ẹ pe mo sọ fun ohun pe mo je amàlà. Mi ti ba anybody sọ ọ̀rọ̀ amàla lẹni, abi olóríburúkú le ní yéb? Ta ni ìwo sọ fun? Wèrè ni ẹ","Wèrè ló sọ fún ẹ pe mo sọ [[EN]]fun[[/EN]] ohun pe mo je amàlà. Mi ti ba [[EN]]anybody[[/EN]] sọ ọ̀rọ̀ amàla lẹni, abi olóríburúkú le ní yéb? Ta ni ìwo sọ [[EN]]fun?[[/EN]] Wèrè ni ẹ",8.569999694824219,6,AlZ_69aEaRU
tts-afriswitch-yoruba-000705-OSoQ4ovnzgY_chunk_2645664-2659644_166,afriswitch-yoruba-000705-OSoQ4ovnzgY_chunk_2645664-2659644_166,bbbd418ae935d0dcf2d8f34bd1fa914cf6ec8637283f98b3f29cc087c7371fc5,3d139832dcead055489cb6c668747db56c06090983d3a95ad644d65ff012b3c2,Yoruba-English,yo,yoruba,"Tori te ba ni e nbinu somokunrin yen tabi e nbinu sawonmejeji ewu nbe loko longe oo If you do want to release your daughter So sir please, ehm let them be I would call you","Tori te ba ni e nbinu somokunrin yen tabi e nbinu sawonmejeji ewu nbe loko longe oo [[EN]]If you do want to release your daughter So sir please, ehm let them be I would call you[[/EN]]",47.220001220703125,1,OSoQ4ovnzgY_chunk
tts-afriswitch-yoruba-000328-jY6LldnwrVA_chunk_925984-930492_48,afriswitch-yoruba-000328-jY6LldnwrVA_chunk_925984-930492_48,da8e3a6d8cef3731141aafaee8d3cac1634b1c104c7c991aea3ceb7bed2657b9,3d139832dcead055489cb6c668747db56c06090983d3a95ad644d65ff012b3c2,Yoruba-English,yo,yoruba,"Ani, n'temi tie se so pe ma pe yin, pe, awon omo yin, pe se won ma gba form Jamb","Ani, [[EN]]n'temi[[/EN]] tie se [[EN]]so[[/EN]] pe ma pe yin, pe, awon omo yin, pe se [[EN]]won[[/EN]] ma [[EN]]gba form[[/EN]] Jamb",25.0,8,jY6LldnwrVA_chunk
tts-afriswitch-yoruba-000620-ai4_TOyG0LE_chunk_3650528-3656060_345,afriswitch-yoruba-000620-ai4_TOyG0LE_chunk_3650528-3656060_345,a9e2ac0fd0656d3d18af42975b1f7a26e31ac9ce3417fb3764178f5db37710c6,3d139832dcead055489cb6c668747db56c06090983d3a95ad644d65ff012b3c2,Yoruba-English,yo,yoruba,Ma ma so fun yin nipa trust t'eni fun awon people yi so Michael gba oja l'owo mi,Ma ma [[EN]]so fun yin[[/EN]] nipa [[EN]]trust t'eni fun awon people[[/EN]] yi [[EN]]so Michael[[/EN]] gba oja [[EN]]l'owo[[/EN]] mi,38.88999938964844,8,ai4_TOyG0LE
tts-afriswitch-yoruba-001006-aVC9pDOrVxk_chunk_1615296-1627760_149,afriswitch-yoruba-001006-aVC9pDOrVxk_chunk_1615296-1627760_149,00fc329a4f752fa74da3a5bfdcb99722ef28bc5816570211dfdc888c5a83a40c,3d139832dcead055489cb6c668747db56c06090983d3a95ad644d65ff012b3c2,Yoruba-English,yo,yoruba,"Te ba fe gbawin eba e ma soju Aanu, te ba ti yo tan nsin ee doko mobirin You are correct Morenikeji, but some men are not thesame.","Te ba fe gbawin eba e ma soju Aanu, te ba ti yo tan nsin ee doko mobirin [[EN]]You are correct[[/EN]] Morenikeji, [[EN]]but some men are not thesame.[[/EN]]",32.13999938964844,3,aVC9pDOrVxk_chunk
tts-afriswitch-yoruba-000345-sdeeurcjfNE_chunk_2186688-2195344_194,afriswitch-yoruba-000345-sdeeurcjfNE_chunk_2186688-2195344_194,207699c269edbf92d48b8bb39718ef751ae48d9715023ee66181ee1a34b9fddf,3d139832dcead055489cb6c668747db56c06090983d3a95ad644d65ff012b3c2,Yoruba-English,yo,yoruba,"Ese re ti kini bayi, ko okunrin meji, meta, merin ko rape eyan lasan ka ma to so okunrin mefa to daruko hun. Ma fi iyun kun","Ese re ti kini bayi, ko okunrin meji, meta, merin ko rape eyan lasan ka ma [[EN]]to so[[/EN]] okunrin mefa to daruko hun. Ma fi iyun kun",7.409999847412109,2,sdeeurcjfNE_chunk
tts-afriswitch-yoruba-001446-wbz28E299Qs_chunk_497008-510576_48,afriswitch-yoruba-001446-wbz28E299Qs_chunk_497008-510576_48,7d2d0cd3321a37c22a66c5e02b0a8db475576ac1d8a608d43541ca8cf96ce802,3d139832dcead055489cb6c668747db56c06090983d3a95ad644d65ff012b3c2,Yoruba-English,yo,yoruba,"Ko jẹyin ni mo fẹ gbe, mi ṣere Ko ni daa funyin, ẹ ni ṣe oriire Bo ṣe gbẹ to yii lẹẹ tun gba 150 Oku temi, elo lo pe 150 Ṣe ọkada nan maa fi gbe yin ni, ṣebi motor nan maa fi gbe yin. Jalẹjalẹ, ẹ san 100,000","Ko jẹyin ni mo [[EN]]fẹ[[/EN]] gbe, mi ṣere Ko ni daa funyin, ẹ ni ṣe oriire Bo ṣe gbẹ to yii lẹẹ tun gba 150 Oku temi, elo lo pe 150 Ṣe ọkada nan maa fi gbe yin ni, ṣebi [[EN]]motor[[/EN]] nan maa fi gbe yin. Jalẹjalẹ, ẹ san 100,000",4.260000228881836,4,wbz28E299Qs_chunk
tts-afriswitch-yoruba-000726-yc5ulAb7Ggs_chunk_1030564-1042192_63,afriswitch-yoruba-000726-yc5ulAb7Ggs_chunk_1030564-1042192_63,b0a6d24cbc6b802852fd08a78752e2d4ade7c1586fdfd10a31014398862e3449,3d139832dcead055489cb6c668747db56c06090983d3a95ad644d65ff012b3c2,Yoruba-English,yo,yoruba,"Oya, so fun mi. Kinni nkan kinni nkan to like ju lara mi? Tell me Do you know that I can't really explain it you are so cute okay, let me say your cuteness","Oya, [[EN]]so fun[[/EN]] mi. Kinni nkan kinni [[EN]]nkan to like[[/EN]] ju lara mi? [[EN]]Tell me Do you know that I can't really explain it you are so cute okay, let me say your cuteness[[/EN]]",23.530000686645508,5,yc5ulAb7Ggs_chunk
tts-afriswitch-yoruba-000701-bNujN_uDK4A_chunk_3207616-3221712_310,afriswitch-yoruba-000701-bNujN_uDK4A_chunk_3207616-3221712_310,4da55196086f12773e422b73aadef8c8cb043d6725708cccccb01df7d162254a,3d139832dcead055489cb6c668747db56c06090983d3a95ad644d65ff012b3c2,Yoruba-English,yo,yoruba,"but, wo fi yen le o ma wa okay, and you dont think you guys should talk about it, hmm, how was i able to do that, because its better to talk things out than stouck them on you","[[EN]]but,[[/EN]] wo fi yen le o ma wa [[EN]]okay, and you dont think you guys should talk about it, hmm, how was i able to do that, because its better to talk things out than stouck them on you[[/EN]]",17.950000762939453,2,bNujN_uDK4A
tts-afriswitch-yoruba-000179-XndHx5V2joo_chunk_3620384-3627616_359,afriswitch-yoruba-000179-XndHx5V2joo_chunk_3620384-3627616_359,332ad45f2b2f8decd9297180a43840223e4c4a75bac75875373f437fbef64764,3d139832dcead055489cb6c668747db56c06090983d3a95ad644d65ff012b3c2,Yoruba-English,yo,yoruba,Ati eekan lo tin so gbogbo trash yen o òun fi cream kan sibeyen òun o ri mo èmi àti òun lo wa nibi kilo kan mi pelu gbogbo iyen,Ati eekan lo tin [[EN]]so[[/EN]] gbogbo [[EN]]trash[[/EN]] yen o òun fi [[EN]]cream[[/EN]] kan sibeyen òun o ri mo èmi àti òun lo wa nibi kilo kan mi pelu gbogbo iyen,10.0,6,XndHx5V2joo_chunk
tts-afriswitch-yoruba-001705-xK2WUYi0jcU_chunk_6608772-6623324_398,afriswitch-yoruba-001705-xK2WUYi0jcU_chunk_6608772-6623324_398,93cc3c766068ef9e279ffa5b50c77a9c24e468328bafa40348b7b88eac51e1a6,3d139832dcead055489cb6c668747db56c06090983d3a95ad644d65ff012b3c2,Yoruba-English,yo,yoruba,Won fi imole lahun sinu aye mi. He showed me what true love is. And then to someone,[[EN]]Won[[/EN]] fi imole lahun sinu aye mi. [[EN]]He showed me what true love is. And then to someone[[/EN]],33.33000183105469,2,xK2WUYi0jcU_chunk
tts-afriswitch-yoruba-001832-A_T7AYGA3B0_chunk_1200608-1209616_85,afriswitch-yoruba-001832-A_T7AYGA3B0_chunk_1200608-1209616_85,a263bbc8cd5d7e1aa378c9576cf6772f8cdb43bb73634fba12f26a464d983378,3d139832dcead055489cb6c668747db56c06090983d3a95ad644d65ff012b3c2,Yoruba-English,yo,yoruba,Ewo nkan ti eni ile o wu mi je jare biscuit lo wu mi je Biscuit Eh se eni ni O fe chocolate Se n lora sweet wa,Ewo nkan ti eni ile o wu mi je jare [[EN]]biscuit[[/EN]] lo wu mi je [[EN]]Biscuit[[/EN]] Eh se eni ni O fe [[EN]]chocolate[[/EN]] Se [[EN]]n[[/EN]] lora [[EN]]sweet[[/EN]] wa,17.860000610351562,10,A_T7AYGA3B0
tts-afriswitch-yoruba-001494-Qv6ukmyspwg_chunk_1645072-1658960_161,afriswitch-yoruba-001494-Qv6ukmyspwg_chunk_1645072-1658960_161,9ac0b2fa3439e8ae618c07da6601ce29c019f728c37048d4d1f575c6885e35ee,3d139832dcead055489cb6c668747db56c06090983d3a95ad644d65ff012b3c2,Yoruba-English,yo,yoruba,"Tio tale kan fun eyan mesan? Of course! O wa ni Cell 23 now Cell 20 what? Cell 23 le mi ti mo o, I be ni mo shi tiri lana Wale, Shey Kin paro kan fun e?","Tio tale kan [[EN]]fun[[/EN]] eyan mesan? [[EN]]Of course![[/EN]] O wa ni [[EN]]Cell[[/EN]] 23 [[EN]]now Cell[[/EN]] 20 [[EN]]what? Cell[[/EN]] 23 le mi ti mo o, [[EN]]I be[[/EN]] ni mo shi tiri lana Wale, Shey Kin paro kan [[EN]]fun[[/EN]] e?",31.43000030517578,10,Qv6ukmyspwg_chunk
tts-afriswitch-yoruba-000951-mmNX_CH0aa0_chunk_3842608-3853888_398,afriswitch-yoruba-000951-mmNX_CH0aa0_chunk_3842608-3853888_398,ccd21af25f9e99c88a8d4d0e840cf2dbd4feacfc84e6d946237a5dabd4c9c525,3d139832dcead055489cb6c668747db56c06090983d3a95ad644d65ff012b3c2,Yoruba-English,yo,yoruba,"Mo get four ninety Wow, wow Wow, wow Billion Billion Bro, Ahah E ma p'ariwo, milli, milli No, ko possible Million ni se","[[EN]]Mo get four ninety Wow, wow Wow, wow Billion Billion Bro,[[/EN]] Ahah E ma p'ariwo, milli, milli [[EN]]No,[[/EN]] ko [[EN]]possible Million[[/EN]] ni se",36.36000061035156,5,mmNX_CH0aa0
tts-afriswitch-yoruba-001515-sD5Y2XO5Eu0_chunk_2632752-2637120_250,afriswitch-yoruba-001515-sD5Y2XO5Eu0_chunk_2632752-2637120_250,cd5dca8f996b016a06daea6327b7028ec69b4fca0aec0f36f798420d342c62c1,3d139832dcead055489cb6c668747db56c06090983d3a95ad644d65ff012b3c2,Yoruba-English,yo,yoruba,Bọla ti wa ninu oyun haa oyun yẹn dẹ ti heavy gan,Bọla ti wa ninu oyun haa oyun yẹn dẹ ti [[EN]]heavy[[/EN]] gan,9.09000015258789,2,sD5Y2XO5Eu0_chunk
tts-afriswitch-yoruba-000844-fsJxDg0gKFY_chunk_512864-516848_38,afriswitch-yoruba-000844-fsJxDg0gKFY_chunk_512864-516848_38,8ea37a1d2bdcef669cdd526eafbde5bfff034148b253888b7fa16a2ff53e68bb,3d139832dcead055489cb6c668747db56c06090983d3a95ad644d65ff012b3c2,Yoruba-English,yo,yoruba,Iwo timo shi bi nsin to sope kiniyen o disturb e Mo so o shi jale,Iwo timo shi bi nsin to sope kiniyen o [[EN]]disturb[[/EN]] e Mo [[EN]]so[[/EN]] o shi jale,12.5,4,fsJxDg0gKFY_chunk
tts-afriswitch-yoruba-000542--UwBVnsesSk_chunk_1534496-1538928_113,afriswitch-yoruba-000542--UwBVnsesSk_chunk_1534496-1538928_113,607fe2c52509a988ad566543897ab86d120cfe3c8c720269b20e115feb0d1a27,3d139832dcead055489cb6c668747db56c06090983d3a95ad644d65ff012b3c2,Yoruba-English,yo,yoruba,"Aje, won ni duro. Hello, baba alado","Aje, [[EN]]won[[/EN]] ni duro. [[EN]]Hello,[[/EN]] baba alado",28.56999969482422,4,_UwBVnsesSk
tts-afriswitch-yoruba-001846-ZNVm8R75DLo_chunk_3306724-3309872_279,afriswitch-yoruba-001846-ZNVm8R75DLo_chunk_3306724-3309872_279,24ae54781ae41d763d1c80d440a45b4440deeb3401b1b8eb4375b5fd74bdf90e,3d139832dcead055489cb6c668747db56c06090983d3a95ad644d65ff012b3c2,Yoruba-English,yo,yoruba,okiti peye pada ugbn ran p,okiti peye pada ugbn [[EN]]ran[[/EN]] p,16.670000076293945,2,ZNVm8R75DLo_chunk
